"team","rating"
1,1213.3797933973
2,1064.35778327052
3,1226.54199078166
4,1404.7276922204
5,904.031319745717
6,1020.16230172586
7,1009.16372890731
8,1209.85364620922
9,923.42150426011
10,571.484771290926
11,966.022350783718
12,913.941369138468
13,835.903576313749
14,939.167175446563
15,945.948236335804
16,1033.46986999433
17,910.696053891728
18,1197.33269150071
19,816.447023288202
20,936.261916850794
