"team","rating"
1,372.413795585742
2,764.628900098802
3,908.664425302108
4,382.269834580861
5,368.386561663935
6,543.692437711303
7,575.139696203802
8,368.361964093815
9,748.597127495717
10,281.280566450367
11,395.371631943262
12,409.697378647531
13,330.824292114611
14,446.544312125585
15,969.701537231647
16,47.2390099455243
17,415.570550840676
18,699.720156799985
19,618.224591243455
20,793.919244684858
