"team","rating"
1,224.76975084521
2,350.558784815209
3,-476.552143624739
4,1044.38850998287
5,-824.877734198531
6,-368.513472226951
7,-311.210485409875
8,-626.702831541554
9,-163.822751497659
10,1928.80614892659
11,-1761.0439602179
12,-287.717796637296
13,848.880627199942
14,522.898364973822
15,1225.67697873943
16,1933.89610156944
17,484.524738438667
18,-925.907724651593
19,796.506301074008
20,-1948.08501836894
