"team","rating"
1,1
2,1.00035492160833
3,0.609965663943099
4,0.860794830375459
5,1.01657497301408
